id,name,Mark1,Mark2,Mark3,total,Avg,grade
1,alwin,99,100,98,297,99.0,a
2,joshua,78,76,75,229,76.33333333333333,d
3,siva,98,87,86,271,90.33333333333333,c
